Mistake_Free_Test,Tests,WPM
No,4343,62.27366500743618
Yes,1002,70.67203172268921
